date,review,rating,isEdited,userName,title,app_name,app_id,developerResponse
2022-12-03 02:22:04,"I use Postmates at least once a week on average and subscribe and ALWAYS tip drivers 20% plus and usually add Cash too just cause I know how hard this world is! But IM still very upset that about a month ago I ordered a pizza when I was out of town ( I have my location setting set to while using app because I don‚Äôt see the purpose of a delivery app knowing my exact location every minute of every day) when I got home LATE and exhausted from traveling I ordered supper and it was sent to a popular chain but in my previous location, I immediately received a notification that I was FAR from the delivery address and I canceled the order ( but was still billed) then reordered the exact same order from correct location and it was also Canceled!!!   Both show canceled on my account but I was still charged for the first accidental order AND had to cook supper at 8-9pm after traveling ALL DAY! So, NOT happy about that! I feel like im a fair customer and try my best to be honest and fair to my clients this is something that I am very unhappy about having to pay an extra almost $83 this month on my credit card for a order that was canceled within minutes of placing the order!",4,False,Busy mom of 3 or is it 4,Usually great,postmates,512393983,
2022-12-05 14:21:22,"Tried using Postmates for the first time and after searching/selecting and then submitting an order, it kicked back saying ‚Äúno drivers available‚Äù. I think okay, fine I‚Äôll see if other closer restaurants will work‚Ä¶ I find a local restaurant and place the order. It arrives in a semi-reasonable time frame. Come to find out it‚Äôs missing items from my order that I paid for. I contact Help, who are absolutely beyond useless. They just provide canned answers stating ‚Äúthis order is not eligible for any refund or adjustment, but we will use this info to better our service in the future‚Äù. I‚Äôm sorry, what? I have used other services (DoorDash, etc) who immediately rectify and take accountability for issues using their service. I even escalated it to a supervisor who literally just copy/pasted the same answer with no help. They also keep closing it out as ‚Äòresolved‚Äô when it‚Äôs not. I‚Äôm super frustrated and I will absolutely never use this service again after this being my first experience. 

Like I said, stick to the other companies that know what they are doing.",1,False,brandonols,"Support is horrendous, stick to other companies",postmates,512393983,
2022-10-08 08:13:03,"A few nights ago I placed an order on Postmates. It was late (1:30 am) and not a lot of places were open near me. I had to work early in the morning (7 am) and needed to go to bed but I was hungry and hadn‚Äôt eaten since lunch (1 pm) the previous day. It said my food would arrive at 2:05am with priority delivery. For whatever reason the arrival time got pushed back to 2:30am and my order was ready for pickup around 2:15. On the map I watched my delivery driver circle the building and park about a block away from the restaurant. Then all of a sudden they cancelled my order after waiting over an hour and I had to start the process again eventually getting a delivery from a place I didn‚Äôt want over 2 hours from the time I placed my original order. At least when you go to the ER they let you know that it‚Äôs gonna take awhile before providing you with absolutely nothing that makes you feel any better. 

Also Postmates will charge you more than the total it gives you when you place the order with absolutely no explanation of the additional cost ü§∑üèº‚Äç‚ôÇÔ∏è",1,False,more like post-taints,Worse than going to the ER,postmates,512393983,"{'id': 32475009, 'body': ""Hi, We're extremely sorry to hear about your concern regarding your recent experience. This is certainly something we'd want to deep dive into. For us to be able to resolve your concern, fill in your details here: https://bit.ly/343HNsE. We shall get back to you at the earliest."", 'modified': '2022-10-10T06:24:57Z'}"
2022-10-29 11:46:14,"I downloaded this app signed up put credit card, debit card, Apple Pay and $130 Uber cash on my account. Now when I try to use my Uber cash even with my card there is an error. I let Postmates know this in the beginning of October and they have done nothing but repeatedly sent me the same message without reading what the actual complaint was which is they have $110 of mine that I cannot spend. I live in California (expensive), I‚Äôm  pregnant with an entire family and $110 is a lot of money which I was trying to feed my family with and Postmates will not give it back nor fix the app. We are in a recession and this company will not even respond to me anymore when I ask them for legal information so I can‚Äôt even attempt to get my money back. Now I will be taking this to social media, the actual media and everywhere else until I get my money back or they fix the app. This is unacceptable and that is the last of my money since I have been on leave for disability and I want it back or I wanna be able to provide food for my family.",1,False,Channell89,Will 100% still your money,postmates,512393983,
2022-09-26 19:52:04,"Their fees are outrageous.
Not only do they ALREADY up their prices on every item from businesses to profit from, but they also charge you all these ‚Äúfees‚Äù. If I place an order and the order comes out to $11, the total with the FEES will come out to $20. How is that even fair? You‚Äôre better off just driving to whatever food place yourself. Not to mention, when you order through the app, the restaurant/place almost ALWAYS messes up your order somehow and you only get a partial refund depending on what happened and left with a messed up order still. 
Their customer support team via phone has always been delightful which is why I‚Äôm giving two stars, but without them, it‚Äôd be a one star. 
OH, and for some reason, when you order through the app, it won‚Äôt show all the item the restaurants sell. I even called restaurants and asked why it‚Äôs not on there and they have no idea..",2,False,mich-6366,Insane,postmates,512393983,
2022-12-13 23:58:47,"If I could rate the Postmates service a negative star I would.  The app itself is fine, but the service is horrendous.  On multiple occasions our delivery was missing items from our order.  After reporting the issue, Postmates would issue an apology but not provide a refund for the missing items.  We used to be able to get them to issue a refund after some arguing with customer service, but now they are saying we have had too many issues in the past and they won‚Äôt refund for order issues anymore.  I find it hard to understand why it is our fault for their delivery failures and why we should have to pay for items we never received.  I hope sometime slaps them with a class action lawsuit because that is the only way they will learn that unfairly ripping off their customers and providing zero customer service is a bad business strategy.",1,False,W.C.999,Horrible customer service,postmates,512393983,
2022-12-19 03:06:14,"Postmates is the fastest way to go broke ordering delivery. We have been customers for a long time now and we pay the yearly ‚ÄúUnlimited‚Äù service fee in an attempt to make the experience more palatable to our wallet. Even when ordering from a place with ‚Äúfree delivery‚Äù and having an unlimited membership, there are still a ton of extra fees. Restaurants also get paid 30% less when people use Postmates to order so the restaurants also jack up their prices to cover their losses. Who pays for all of this? You/us! If you ever have a problem with your order, don‚Äôt expect any help from customer service. They use an automated service first, then pass you off to someone over seas that copy/pastes boiler-plate responses. Use another food service company..any other company, actually. This is by far the worst. We are done and have deleted the app, once and for all.",1,False,chadstyle,The worst food service company‚Ä¶steer clear,postmates,512393983,
2022-09-30 15:40:58,"I made an order for a pretty large group of people at work. After multiple delays the delivery personally finally showed up at the drop off location, marked my order ‚ÄúDelivered‚Äù, and left. Shortly after she messaged me saying that she didn‚Äôt bring the food because the restaurant cancelled the order. 

I sent this to Postmates support along with screenshots of the message from the delivery person herself saying that she never got the food. After a lot of back and forth they said they were sorry but because the delivery driver showed up at the delivery location, they were unable to give me a refund. 

I paid for food not for someone to show up at the drop off location empty handed. This is after spending thousands on large orders through the app. Very disappointed with this level of service, and I won‚Äôt be using this app again.",1,False,Bill Robertson 1963,"Terrible support, scammers",postmates,512393983,
2022-10-19 21:38:59,"Before the other night I had placed a total of 3 orders ever on this app. One of the orders I had ended with me receiving an order missing items. I contacted customer service and they fixed it. Fine. But then I placed an order last Friday and once again my order was missing food. I was told that nothing could be done for me as I had already had a partial refund in the past. Excuse me? So now that I have another bad order you decide to completely alienate me from ever using the app again by telling me you won‚Äôt help? And to top it off, you told me to go review the driver as a way of alerting you to my bad experience? So you want the driver to take the blame? 

I am deleting the app, reporting you to BBB, and opening a PayPal dispute since you think you can take my money and not provide me the food I ordered. Never again.",1,False,Jswin164,Terrible customer service- never again.,postmates,512393983,
2022-10-08 05:57:38,"this app is crazy with the taxing. for example it says my total is around 15$ and then when I pay it‚Äôs like 23$ dollars. it also charges a delivery fee when I pay monthly for better deals.  makes no sense. not to mention the fact that you can deliver from some places but then when you try to pick up from that place it isn‚Äôt available ( btw picking up is cheaper so ofc they do that üôÑ) but it makes no sense that a driver can pick it up but you can‚Äôt. also I have ordered from a place only to have the driver text me and say it was closed. as well as have a driver pick up my food and never show up, he stayed in a parking lot I could see it on the maps. plus they ALWAYS forget items. recently I ordered subway and got a sandwich drink and cookie, bro forgot the cookie and drink ‚Ä¶ that‚Äôs like the whole order smh ü§¶üèª‚Äç‚ôÄÔ∏è",1,False,stinkstankbruhfbgm,this app gets on my nerves,postmates,512393983,
2022-11-05 21:41:38,"I ordered from Rad lobster last night right after I ordered I took a shower when I came down stairs to check the status of the order it said I canceled it! First lie! Come to find out that my order had been given to someone else. I said I would like to reorder,but I‚Äôm not paying for it. They said they could not do that . Second lie! The next thing I see is four different orders from four different Rad lobsters. I told them to cancel all orders and they said they will! I woke up this morning and sure enough there is 4 orders on my account! I tried to delete them and I got all but one! When I opened my door to go to work there is a red lobster sitting on my side porch. I‚Äôm assuming it‚Äôs been there all night since y‚Äôall do not daliver at700 in the morning! Y‚Äôall can come pick up this order and trash it, but I‚Äôm not paying for it!",1,False,call my attorney!,Bad customer service,postmates,512393983,
2022-10-28 02:44:05,"They will steal your money amd food. Amd do NOTHING about it

I‚Äôve used this many times before but tonight was the final straw. I was notified My food was delivered. Opened my door and saw it wasn‚Äôt. I tried actually calling the driver first. No response. So I contacted cyst support and they literally told me they couldn‚Äôt do anything about it or even refund me because the driver hit confirmed delivery. So I‚Äôm out $36 including his tip‚Ä¶ and have no food.
That‚Äôs unacceptable. So basically any driver who‚Äôs hungry can say it‚Äôs delivered, take your food, amd there‚Äôs nothing you can do about it. Oh also he still gets paid. The chat person even ended the chat with me and had the nerve to send me a ‚Äúdid we resolve your issue‚Äù message. No! You didn‚Äôt!.
Don‚Äôt use this. Use Lyft. I‚Äôve literally just canceled my Uber and postmates accounts because of this.",1,False,Faeyla,Literally the worst customer service ever,postmates,512393983,
2022-09-11 19:52:20,"I don‚Äôt know how Postmates stays in business, never had experiences so bad as using this app. Not only did the delivery person deliver to the wrong address, they left the food outside during heat wave by the parking lot next to the call box and made no attempt to call me. They sent a picture of the food at the wrong call box and by the time my partner and I rushed down 3 floors to get outside I‚Äôm 87 degree heat our food was already gone. Trash company. I reach out to the customer service company to tell them of the situation and they were like sorry there‚Äôs nothing we can do. You just gotta eat the cost. They ‚Äútried to contact you‚Äù like I have call logs, no one called. No reimbursement. Use Grubhub, this company is trash.",1,False,white_rabbit.,"Customer service is non-existent, use a different food app",postmates,512393983,
2022-09-20 12:10:30,"I placed an order from a convenience store that was supposed to take 15-30 minutes: an hour later and a dasher had not even arrived at store. Couldn‚Äôt contact support through the app so had to do it online. The agent said they could not do anything as it had not past the latest possible delivery time, which was only 5 minutes away. (And 30 minutes later than the previous delivery time) I then explained it has already been an hour and they said all they could do was reimburse me 20% which was $2.16. Waste of time and energy ordering on this app. I hate writing reviews but that‚Äôs wild. DD is a better app, quicker deliveries, easier to reach support, and seem to actually help resolve your order issues.",1,False,Jrowenkeren,Use other food apps!,postmates,512393983,
2022-11-02 03:21:11,"Don‚Äôt use them for shopping. The drivers can add anything they want that‚Äôs not on your list without asking to keep their tips higher and customer service won‚Äôt do anything. I had a lady add items I didn‚Äôt even order, and they just kept showing me my final receipt I must‚Äôve order it, but can‚Äôt provide my original order. Luckily you change the tip, but I still have to pay for things I didn‚Äôt ask for. You can‚Äôt call, you can only chat with people overseas who don‚Äôt know enough English to understand the issue. They‚Äôre rude and consistently cut the chats prematurely, you have to wait like 30 mins for someone to read what you‚Äôre issue and then just say sorry, you have the best resolution.",1,False,SrFholo,No English speakers available,postmates,512393983,
2022-12-17 15:27:59,Spoke to an agent about a reorder for an order that was dropped off that the wrong house in the wrong neighborhood. All I asked was for a reorder. The agent gave me a partial refund after a 5 minute hold. I asked how much the refund before and did not answer question. Sent back a message saying that I could re order again online. I assume that is an automatic email response they had. I asked to speak to a supervisor after multiple times asking how much the refund was for and another agent entered the chat and said that a supervisor wouldn‚Äôt be available for 2 hours. Unprofessional behavior and unacceptable. I would have understood if my initial question was answered but the agent was reluctant to even help.,1,False,A Chorus Line,Unprofessional Customer Service,postmates,512393983,"{'id': 33801082, 'body': ""Hi, we're extremely sorry to hear about your concern regarding your recent experience. This is certainly something we'd want to deep dive into. For us to be able to resolve your recent interaction with us, fill in your details here:\xa0https://bit.ly/343HNsE. We shall get back to you at the earliest."", 'modified': '2022-12-19T09:25:51Z'}"
2022-09-18 17:21:02,"Is a blind man I really enjoy having the option to have food that I want brought to my home. Unfortunately, not everything on the app is a sasable with the Apple screen raider. Every time asked me to click a button and it does not tell me afterwards whether or not I have her have not clicked it even if I let it play through the entire audio script again. this makes it really complicated when it comes to check boxes in the app. Otherwise I would ready to five star but since assessability is not yet there, I have to be honest and give it a three.",3,False,Bluemoodring,This is complicated,postmates,512393983,
2022-10-30 02:40:14,"It‚Äôs very frustrating that they don‚Äôt reshuffle drivers if an order is taking longer than expected. The driver will often pick up multiple orders before then delivering them to each person. It means that if one order is being, everyone is also delayed. Now instead of having 1 upset person because of the food delay, you now have multiple people upset. The app should reprioritize orders and reassign them. This affects the quality of food which is delivered because of multiple pick ups and multiple deliveries. Ugh.",3,False,Kataz1,Multi stops need to stop,postmates,512393983,
2022-11-04 15:57:08,"(Remember look at the comments not the Stars)
Honestly this app is the worst app to order food from always getting wrong order of foods, and when i try too resolve the issue the workers on the chat are so unprofessional, never want to get a refund when order take 1hr long when they advertised it well only be 20 to 30mins and without warning they well have your order delayed and not tell you , honestly if you feel like you wanna go thru a hassle and a hour wait for food then i wouldn't recommend this app to anyone , and now I understand why they dont refund anymore on order their fault now cause so many screw up with this app now.",1,False,toodope95,Don‚Äôt Use Trust,postmates,512393983,
2022-09-18 17:19:56,"I don‚Äôt understand how their rating is so high.  I ALWAYS have an issue with Postmates. I finally decided that even though my favorite vegan restaurant only delivers with Postmates, I have to stop trying to order delivery with them.  Half the orders they end up canceling because of issues with drivers this has happened THREE separate times.  And the other half of the time the driver assigned seems to quit halfway through the order and then the whole process starts over again, making my food take 30-44 minutes longer.  It‚Äôs ridiculous, I NEVER have these issues with DoorDash. I‚Äôm DONE with Postmates!",1,False,BookWormyGrrl,So many problems!!!,postmates,512393983,
2022-09-11 03:14:00,My first order was supposed to be 20 off and they took my promotion from me told me I can‚Äôt use it! THAT IS OUTRAGEOUS!!! Why give someone something and then take it away from them?!?! Now I‚Äôm STUCK with a promotion I can‚Äôt even use!!! HIGHLY UNFAIR HIGHLY UPSET HIGHLY DONT RECOMMEND THIS APP!!! UBER EATS HAS DONE THIS SAME THING TO ME AND I HAVEN'T BEEN APPRAISED FOR IT!!üòï I‚Äôve send OVER HUNDREDS of dollars on Uber eats to be faked out on another app you NO BETTER THAN THEMüòí DONT GIVE SOMEONE SOMETHING AND THEN DONT ALLOW THEM TO USE IT!!!,5,False,TinkkR.,LOST A CUSTOMER TONIGHT! DONT USE!!!,postmates,512393983,
2022-11-05 00:04:08,"The only reason it‚Äôs not a 5 star review is there is not an easy way to file a complaint. I had REALLY bad service my last order. It was all driver related and I could not truly express what the problem was, there was only options to choose from. I will say y‚Äôall were prompt in giving a credit, but I feel like the problems with the driver needed to be noted and addressed which they were not.",4,False,Labmom02,Not quite 5 star,postmates,512393983,
2022-09-11 00:31:06,I ordered taco bell and got 4 things of nacho cheese and even ordered extra cheese. I got no nachos and just cheese and all the cheese was empty. I have contacted the company and is waiting for them to contact me back but overall this is the first time it‚Äôs happen. Also it said I was getting my order picked up by one guy and then switched to another guy and the guy that delivered the food is a different person. It says to rate the guys delivery but it‚Äôs not the same guy. Do I think he ate it? maybe . The bag wasn‚Äôt open or ripped and it was tape down with the stickers so I don‚Äôt think so but It was just weird.,1,False,parismarie00,Just don‚Äôt buy if u want all food,postmates,512393983,
2022-09-23 18:20:05,I thought I‚Äôd have my food for lunch today at work and I get a text saying it arrived. It‚Äôs not at my building where I work at like not even here it‚Äôs at some other building not even close to mine. I even gave her a tip before ordering and I most definitely regret it. And it‚Äôs even more annoying knowing I can‚Äôt get a refund because the driver dropped it off so it would be in my possession but how is it in my possession when it‚Äôs not even at my job someone else has my food right now. I‚Äôm never getting this app or any food delivery app again I‚Äôll do better taking my time to get my own food.,1,False,loveallpeople,Terrible,postmates,512393983,
2022-09-23 23:08:23,"It's perfect , how to find what you like? 
The convenient symbol Postmates uses 
shows who has the highest customer  ratings, -that's symbol is quite helpful,
 and this app is pretty awesome too
and if you join on a membership that saves you more money.  Often it's cheaper than the way I shop  & ya gotta love no dishes and servers willing to deliver, pretty helpful!",5,False,ViewJadai,Once you know what you like..,postmates,512393983,
2022-09-26 06:10:38,"and they have a limit to how many refunds you can get (even though it‚Äôs ALWAYS THEIR FAULT), make it impossible to remove tips (although their customer service claims you can), and make it impossible to contact your driver after you contact customer service. deleted the app tonight because i was missing half my $50 order. tipped my terrible driver QUIANLING $8 (she literally called me to come get my order and just left when i told her it was wrong) that i will never get back. wasted lots and lots of money on this app.",1,False,katta joey,i have never once gotten my order right from postmates,postmates,512393983,
2022-12-10 14:13:37,"The performance of the app itself is phenomenal. No issues with stuttering or anything of the such. The frustration lies with drivers keeping your order hostage when they‚Äôre not even moving. It takes a while before the app decides to drop a driver off of your order and by that time, you‚Äôve already decided to just cancel the order completely instead of waiting for the app to reassign a driver.",3,False,E. T. B.,"App is Phenomenal, Driver Selection Needs Work",postmates,512393983,
2022-11-30 21:01:03,This is the biggest waste of space ever on earth its there for no reason bc u cant even use it they jus dont wanna make money thats why this app is way less known then door dash or uber bc nobody can even use it if they want terrible and disgusting its here jus for people to download so they can make money from the actual download its self they r not a real business like uber or door dash this is no more then an indian scam calling website and they want ur debit card jus like a scammer would im no detective but if i had to say this app and its owners are doing something shady 1000% dont trust them,1,False,He e eb,Not even usable,postmates,512393983,
2022-10-04 22:52:43,"I ordered, saw my driver was right next to the restaurant, awesome! He drove away from the restaurant and I though maybe he was finishing up a delivery, till I saw he was sitting outside a bit so good part of town, again maybe it was a delivery to that neighborhood. He sat there for an hour before I demanded from support my order be reassigned. It was going to be another 40 minutes so I decided to drive down there and sure enough he‚Äôs in the car smoking a blunt. What a loser. Hate the app, hate support, will not be using again. Don‚Äôt waste your time!",1,False,lostfoodmates,Had to drive across town to find driver smoking weed,postmates,512393983,
2022-09-28 05:24:01,"This is about the 10th time I‚Äôve had a delivery driver steal my food and mark it as delivered, but I‚Äôve had enough. I‚Äôve ended my membership. I ordered an entire meal and this driver named MIYRA in Los Gatos marked it as picked up, waited 10 minutes, then marked delivered. When I called support, they said it had been delivered to an address - which was the restaurants. These drivers are scamming the company and customers and the best they can do is offer a refund in 3-5 business days. I‚Äôm so over this, Postmates. Punish your drivers and make them photograph evidence of delivery for once in their lives.",1,False,Sfo311,This service has PLUMMETED,postmates,512393983,
2022-09-12 18:37:32,"I order food at 1:07 pm. It said it would be here by 1:20. (Starbucks is extremely close to my location). It is now 1:36, my order is ready waiting at Starbucks and there is still not a delivery person assigned to my order. I contacted support and it was not helpful at all, they aren‚Äôt real humans it‚Äôs literally just computers. It now says my order will be delivered by 2:10 latest because it hasn‚Äôt connected me to a driver. I‚Äôve tried contacting support and they r the most unhelpful thing ever. Bye.",2,False,-Laure HM,Extremely irritating,postmates,512393983,
2022-12-10 03:49:53,"My driver delivered to the wrong hotel room number even though it was specified in the unit number. She even admitted on call that she delivered to the wrong room. She promised that she would redeliver it at the correct spot but she never did. I contacted Postmates over this but they said that a refund is not possible because she went to the ‚Äúcorrect‚Äù address even though it was in the WRONG unit number. I‚Äôve been a customer for YEARS under the Unlimited plan but clearly Postmates doesn‚Äôt care for their customers. Never again, switching to Grubhub.",1,False,LauraY70,Beware when ordering in a hotel,postmates,512393983,
2022-10-15 01:56:04,"I ordered my pizza. Took screen shots of the order, with details of what is on pizza. This Sierra girl sends a message to me asking what is on my pizza, when it‚Äôs clearly in the description. I‚Äôm watching the click tick down. I‚Äôm watching her read the messages! Never responds back after asking me that one question. And I never here from her. Hour later I call the number on her profile as it says my order is still in transit, a man answers and tells me my order was canceled. What? My husband told me not to use Postmates! Will never use again",1,False,Angeleyes53,Sierra-no show-canceled order,postmates,512393983,
2022-10-13 01:30:30,"I will no longer be using Postmates, and I highly recommend that others do the same. The past month, I have had a problem with nearly every single order I have received, whether it be arriving an hour late, receiving less than half of my order, or the order being completely cold by the time it arrives. This is a continuous issue, and is clearly a waste of both your time and your money (and that‚Äôs not even going into the ridiculous upcharges and ‚Äúservice fees‚Äù that add up to ten dollars on your order).",1,False,allyoxenfree,Worst service.,postmates,512393983,
2022-10-08 03:03:19,"I leave the app open for the duration of the delivery and it never fails that the driver tries to call and the app leaves me completely in the dark about it. Also, if the driver is going to call me every time then why don‚Äôt I just place the order with the driver directly and cut out the app?",5,False,AngrySoft,Feel like a secretary sometimes,postmates,512393983,
2022-11-11 23:11:48,"Every time I come back to postmates because they offer a discount, I regret it. My orders are always late because drivers take multiple orders and deliver to areas very far away from my delivery address. But, you don‚Äôt know this until after placing your order. I placed an order from a restaurant 20 minutes away. It‚Äôs been 1.5 hours since I placed the order and I have yet to receive it. Food is consistently cold because of the significant delays in deliveries. This is the last time I will ever use their service.",1,False,HLT120312,Postmates is consistently terrible,postmates,512393983,
2022-10-08 18:06:29,"Oh, yeah. Shouty caps bad. 

Back when Postmates was Postmates and not Uber Eats masquerading as Postmates, it was great. Ever since it changed hands it‚Äôs been a nightmare. 

The communication is basically zero. I waited for hours thinking my order was still coming. Only to find out (after climbing through a labyrinth on their app) there‚Äôs no one around to deliver it. 

How about just say so? Just friggin tell me that when I place the order, so my kids and I aren‚Äôt waiting for breakfasts that just aren‚Äôt coming. I‚Äôm wheelchair-bound and can‚Äôt just get up and go fetch food on the fly. It would be nice to be informed. 

But cha won‚Äôt. These folks don‚Äôt believe in going, ‚ÄúHey there! Your food can‚Äôt be delivered. There‚Äôs just no one around to go get your order. Sorry. ü§∑üèº‚Äù 

Maybe try Doordash. Or opt for calling the restaurant directly. Just stay away from the Uber‚Äôs attempt at food delivery.",1,False,giaboricua,THE ABSOLUTE WORST. RUN AWAY.,postmates,512393983,
2022-09-22 22:30:32,"this happened 2 years ago and i‚Äôm still reeling from how unprofessional, greedy, and inefficient this company is. 
not only had I ordered an item from them and not received it, but they charged me TWICE for the unreceived item. i contacted customer experience immediately, and it wasn‚Äôt resolved for FOUR MONTHS. i didn‚Äôt need the money so much as i wanted to make sure postmates didn‚Äôt have it. i haven‚Äôt used a food delivery app since, and especially caution my friends and family against postmates specifically.",1,False,socalgirl90210,the worst company i have ever interacted with.,postmates,512393983,
2022-10-24 21:07:35,It‚Äôs my birthday today and I have wanted a specific thing on the Starbucks menu but other delivery apps do not have the full menu like you guys do so I am very happy about that. Thank you for having more options than other apps.,5,False,Sweetnsassy0119,You have more options than other delivery apps,postmates,512393983,
2022-10-31 14:14:39,"Had a problem with my pick up order. Food was never made so I left the restaurant empty handed. Oh well things happen, I'll just request a refund. So I thought. But here 48 hours later and after initiating 5 email/chat messages with differnt customer service agents, after submitting 6 screenshots for evidence including the pending charge on my cc, I'm no closer to customer service even locating my order to refund or cancel the transaction. I'll continue ordering food but I Def won't use postmates / Uber eats ever again.",1,False,Nickname#207,As long as nothing goes wrong,postmates,512393983,
2022-09-20 04:23:32,"Fist of all bought out by Uber awhile ago so already a negative but that‚Äôs not why.  If you are a regular on the app orders will get canceled for no reason, or they won‚Äôt follow instructions and still refuse to issue a refund on the food. 

Here is what killed it for me, I spent $65 on an order that the food came rotten the instructions where not followed and when reached out to customer support the exact word said.  ‚ÄúSorry but do to the fact you reached out regarding this order already I won‚Äôt help you‚Äù.     I will be reaching out to the BBB.",1,False,Eric t porter,Bad company practice.,postmates,512393983,
2022-11-15 20:20:25,After the last 6 months of watching the cost they charge for items increase while the actual cost stays the same I‚Äôve decided that this service is just over the top ridiculously expensive. The service fees have become so high that it now costs almost double the cost of the items. This is before the tip comes into play. Somehow the multiple ‚Äúservice fees‚Äù totaling as much as $10-$15 never makes its way to the drivers. Postmate‚Äôs ‚Äúgreeded‚Äù themselves out of a repeat customer.,1,False,derek0625,Just Deleted The App,postmates,512393983,
2022-11-14 01:10:27,"I swear on everything I love, my delivery driver removed the staple from the bag my food  came in and took more than half my food. I will never trust my food being delivered from anywhere again. Not only that, when I called and told support what happened he act like he couldn‚Äôt find my order. My suspicion of the delivery driver was confirmed when I reached out to the store I bought the food from and they knew exactly what I was talking about and confirmed to me that there were many other cases with the driver. Smh",1,False,cxzdgyggg,Delivery Driver Opened My Food,postmates,512393983,
2022-10-22 20:15:18,I appreciate all the hard men and women who work to pick up and deliver food so I don‚Äôt have to get up and leave my house when I don‚Äôt feel like it after working a long week myself I appreciate y‚Äôall And thanks for all the people in the food industry thy make the delicious meals,5,False,Jonny's lap top,Very Convenient,postmates,512393983,
2022-10-21 17:53:51,I came over her from DoorDash as I way too many orders were wrong and customer services was meh when it came to larger things. But I feel like vendors treat Postmates better because so far none of my orders have been wrong and the app itself it‚Äôs a lot easier to navigate.,5,False,yaboijersh,My go to,postmates,512393983,
2022-11-29 22:50:00,"If you feel dropping food off wherever and still being guaranteed pay and tips, join Postmates. If you feel like keeping the goods of others and don‚Äôt care if waiting with a torn ACL and are dependent on delivery for survival, Postmates. Don‚Äôt worry about reprisal. The customer has no recourse through the app or website. Postmates closed the call center and even shutdown their help center email. They don‚Äôt even have an automated message in the help center. Free money, free food, and free valuables, guaranteed. Thanks Postmates",1,False,email not found,"If your a thief or a moron, Postmates will hire you",postmates,512393983,
2022-11-11 21:48:24,Usually when you order your meal it‚Äôs comes to around $12 to $17 but then including the delivery fee you‚Äôll be paying the same amount or even more! I love the app for its UI and the freedom of being able to reorder my meals and how easily accessible it is to all. Just hope that they can do something about the delivery fees. :(,4,False,MjsThoughts#12345,Great but Costly,postmates,512393983,
2022-09-13 01:27:10,"Postmates used to be my favorite delivery app, but I recently learned that each menu item is priced higher then it would be at the restaurant. Why do they need to do that when they already charge so much an extra fees! I feel completely scammed, and it explains why they give away promos so often. Even with the promo, it‚Äôs more expensive to order it on the app and it would be to get it delivered from the actual restaurant which I just learned so I will be doing that from now on.",1,False,Mila Air Filter,Just another greedy app,postmates,512393983,
2022-10-04 19:07:44,I‚Äôve been ordering for Postmates for over two years. It really carried me through my pregnancy and the pandemic and they continue to have great service amazing drivers/carriers and I will continue to patronize them over other food delivery services and platforms.,5,False,GldLts,Has carried me through,postmates,512393983,
2022-09-25 01:49:59,"Have used all the delivery apps and Postmates for whatever reason just seems to deliver consistently a better product regardless of where I order. I‚Äôll sometime see a restaurant on Uber Eats and the specifically go to Postmates so it arrives fresh, with utensils, sauces etc‚Ä¶great service worth the moola",5,False,Venicerollergirl,"Fresh, Delicious Every time",postmates,512393983,
2022-09-17 17:13:10,"Got postmates because they advertised a $10 off deal on my first order, however the deal was never applied to my order. I spent several days trying to contact customer service but kept hitting a wall. Horrible customer support, and I feel misled by their advertising. Will be using other food delivery services from now on.",3,False,castagna111,Horrible customer service,postmates,512393983,
2022-10-22 00:55:04,"I paid for unlimited for months and my husband who doesn‚Äôt have unlimited would add the same things to our basket and mine was always $20 more at any restaurant‚Ä¶. The restaurants charge your more for the same items if you have unlimited- for example adding rice cost me with unlimited $3.50 and my husband without unlimited $2.50.. overall my cart total would always be higher, taxes would be higher and I would overpay on top of paying them monthly.. complete SCAM and ripoff",1,False,miainthedesert,Unlimited is a SCAM,postmates,512393983,
2022-10-21 03:33:48,"Postmate and Uber is jsut a terrible app and company in general. 1. They will change your delivery time after you place your order, for example, you will see the delivery time to be 20min, and when you go check your delivery status 20 minutes later, they will say that the estimated delivery time changed to 40 minutes. 2. Their customer service is terrible and never answers your issue. They will end the chat before solving the problem.",1,False,13579102938474,Terrible customer service,postmates,512393983,
2022-12-20 02:37:59,"same old complaints: exorbitant delivery fees, inability to make customizations or add sauces etc, impossible to get orders fixed right then when there are errors, you can only get a refund or order the whole thing again. too impersonal and hard to get ahold of anyone that does take accountability. BUT, i keep coming back for the convenience and at least they tend to be quick with refunds. ¬Ø\_(„ÉÑ)_/¬Ø",2,False,bkhabs,convenience.. but at what cost?,postmates,512393983,
2022-11-17 01:43:52,It was hard to add what payment I wanted onto my order. Maybe if there was a done button on the payment page it would have made more sense than going back and forth. Also there needs to be a way to edit or delete a payment.,4,False,Slip n'slide,Payment glitchy,postmates,512393983,
2022-10-16 22:09:48,My first and only order was all screwed up and then delayed to the point that the first driver left. That‚Äôs on the vendor but the app is really limited in their accountability with how they communicate and resolve problems. You end up calling the vendor and hearing one side and Postmates just wants to cancel and refund. What a waste of my and I‚Äôm sure the drivers time. I‚Äôll only order from places that have their own delivery service.,2,False,Inspector Tim,No accountability,postmates,512393983,
2022-10-26 16:34:39,"Too many times I haven‚Äôt had my food or things delivered and nothing arrives, then you can‚Äôt get a hold of anyone who‚Äôs actually human for support. The refund they issue is just to use again and twice I‚Äôve had the same thing refunded (not the item) I ordered a $28 total one night at 8 pm never received it.

The refund came back the next day I used $25 since I already had it to get Postmates from somewhere else..
Same issue 

The last straw for me was when I placed an order. They said it was on the way.. kept saying it an hour later ‚Äúlooking for another driver‚Äù
They found it 20 mins later ‚Äúon the way‚Äù and then 1 hour goes by ‚Äúlooking for another driver‚Äù
I couldn‚Äôt cancel the order I forget the issue
I drove there myself and picked it up",1,False,Wafflefellas,If it‚Äôs a last resort post mates,postmates,512393983,
2022-10-27 18:00:16,I Love Postmates because they have great service and good deals and the drivers usually I‚Äôll always get the orders right but when they don‚Äôt they‚Äôre ( Postmates customers service) always quick to make things right,5,False,Jonny 1926,Customer for years,postmates,512393983,
2022-12-08 18:33:17,The fees on here are crazy wen you go ready them and what they are they charge us for the driver to get benefits instead of the company providing them and the service fee is for helps cover cost related to the order but what cost will there be üòÇüòÇü§® I mean I‚Äôve literally had a drive tell me a restaurant wouldn‚Äôt give them my straw cause I didn‚Äôt request it but got a drink and wouldn‚Äôt give him one yet I paid a service fee so u would think that would‚Äôve covered it if I had to pay,1,False,kbmoet13,Fees,postmates,512393983,
2022-09-25 22:16:00,"So I ordered an item from a restaurant. A different item was delivered. Rather than refund me the whole amount, they only refunded me a very small portion of what the total amount was. Then, the didn‚Äôt let me talk to a customer service rep or let me rate the experience in any way. Every time I tried to renew my complaint, I just got a message saying that I was refunded this very small amount. Total let down and fail!",1,False,JEDoc2022,Delivered wrong item and then only refunded me 1/10 of what it cost!,postmates,512393983,
2022-10-15 00:58:44,"I spend at least a few hundred through this app per week. Love the priority option- multiple awesome paid member discounts per month. Yeah, I haven‚Äôt been refunded before for mistakes to orders or missing items but life happens. The pros far outweigh the cons.",5,False,ShotCallerSally,Love it!!,postmates,512393983,
2022-11-01 19:41:41,"I enjoy there delicious food here it‚Äôs very clean
very fresh they have very good food here I 
highly recommend eating here at Carson‚Äôs Ribs 
regardless if you eat in, carry out or order online delivery it‚Äôs always the very best service and 
quality so just enjoy enjoy enjoy!!!",5,False,Sunnybeme1,Carson‚Äôs Ribs,postmates,512393983,
2022-12-06 01:40:42,"First time using and awaiting order updated for about 45 minutes and just 5 minutes before driver apparently reached my place the order was cancelled. This app charges you money that they claim they will revert to credit card so basically they are playing with everyone‚Äôs else money.

I see this guys also edit the reviews to obtain higher rating, several 5 stars comments highlight how terrible is this app and its service",1,False,Kiskelvl1,Awful,postmates,512393983,
2022-10-04 19:23:39,I‚Äôm not trying to start any beef or anything however Postmates has been the best experience for me let‚Äôs talk about itüéØyou guys are Awesome . You guys have loyal customers . You guys have a handy optional choices along with A perfect website ‚ú®I appreciate you .,5,False,glo.doll,Thank youuuu PostMates,postmates,512393983,
2022-10-17 00:24:08,"Done using delivery services. I am not because of you but because the restaurants that i order from simply can never get the orders right. So i am paying you to deliver wrong orders. I would be concerned from your point of view because i am not alone. I see forums and social media turning on this as well. High prices already and then paying you to deliver wrong food. Yikes, i would be concerned about your restaurants",1,False,H-e_l-l-o,Done with all delivery services for food.,postmates,512393983,"{'id': 32661616, 'body': ""Hi, We're extremely sorry to hear about your concern regarding your recent experience. This is certainly something we'd want to deep dive into. For us to be able to resolve your concern, fill in your details here: https://bit.ly/343HNsE. We shall get back to you at the earliest."", 'modified': '2022-10-19T07:54:06Z'}"
2022-10-09 04:44:04,"Don't bother. They will push your delivery time back for hours while their drivers cancel for no reason. I live in a major city (Nashville) so there is definitely no shortage of drivers. No one ever responds to your chats (been waiting on hold for over 15 minutes) I will never order from them again and neither should you. Don't bother unless you're willing to wait 3 hours for a cold, subpar meal delivered by incompetent drivers.",1,False,Zdunski89,Waste of time and money don't bother,postmates,512393983,
2022-09-24 19:50:10,"My main issue is without fail- Uber eats, door dash, and other all fail to find me every time. Only Postmates people do. It‚Äôs the apps fault as far as I can tell. They deny it, but it‚Äôs beyond coincidence by now. Their gps is just not good. So when I want Postmates half the time they will joint venture with another service. And it‚Äôs a nightmare. Awful",3,False,Why sc,"Postmates if fine, but it‚Äôs not this",postmates,512393983,
2022-10-12 01:22:58,"I ordered postmates and my driver told me that my order had already been picked up by someone and completed my order, however I was charged for the order. I tried emailing, texting, calling and chatting through the app to fix this error and get a refund on my food that I never received, and after an hour I still have not been refunded. There is no customer service please fix this immediately.",1,False,ffghhhtfvyghhhugyftdr,The costumer service is non existent,postmates,512393983,
2022-12-07 03:46:39,This customer service is horrible. Instead of just refunding every time an order is wrong why not get to the root of the problem and try to fix getting the order wrong in the first place? Do the drivers not check? Does no one check for accuracy? People order for convenience not to miss half their order. I really hope to use alternatives to postmates in the future this is ridiculous..,1,False,Shaunbear468,Horrible,postmates,512393983,
2022-10-26 18:31:55,"To bad delivery services wasn‚Äôt around a long time ago, it‚Äôs just not for Pizza! Gives people jobs and the one‚Äôs that don‚Äôt want to go out and get the food the opportunity to order whatever they crave!!!",5,False,T.H Customer,Awesomeness,postmates,512393983,
2022-11-21 12:30:58,Their no ability to call which only leave text support. Every message took 10 to 15 minutes. It took so long to get a response from someone the app kept thinking I was afk and was asking was I still there while waiting for the other person to respond. It took an hour of ‚Äújust give me a few minutes‚Äù to be told what a policy is. Literally the worst delivery app I‚Äôve ever used.,1,False,are you still there,Terrible customer support,postmates,512393983,
2022-12-07 12:05:00,"I order from here and uber eats all the time, they are the best and always consider you and your time. they are always there if you need help and they give you lots of coupons",5,False,hisiaterssss,Postmates!,postmates,512393983,
2022-11-05 03:25:12,"I would urge you to use other food delivery apps. Postmates will charge you for undelivered orders simple because they could not provide the service they pride themselves on: delivery food. You cannot receive a refund for a canceled order because they took too long to TRY and locate a driver.
I will reiterate, USE A COMPETITOR to deliver you food in a safe and timely manner!
Location: major metropolitan city in the southwest.",1,False,Samwise1233,"Terrible service, unable to locate a driver",postmates,512393983,
2022-09-30 21:50:32,"Postmates definitely has cheaper prices when it comes to other apps such as UberEats or DoorDash, but the quality of the service is horrendous. If you don‚Äôt pay your drivers a big enough tip, they‚Äôll take FOREVER to deliver your food! I can‚Äôt tell you the amount of times I just cancelled my order because it was infuriating waiting for food that would seemingly never come‚Ä¶",1,False,justsaying8888,Last option for food delivery,postmates,512393983,
2022-10-12 22:21:30,"I have been using Postmates for quite some time. Always friendly, fast and professional people. I highly recommend. Tip: purchase the unlimited - it really pays off.",5,False,mrs vierra,Excellent Delivery Service,postmates,512393983,
2022-10-31 17:30:50,"this app is only slightly better than doordash, but barely, i've had multiple orders either incorrect or missing items and have been refused refund's multiple times as well, there's also a new feature that you have to pay extra if you want your food to still be hot when it gets there, the drivers are rude and refuse to follow simple instructions, i've had drivers literally make me walk up to their window and they passed me the food from their car, i work in customer service too and sure i hate it but i still do my job, i thought the drivers would do the same ü§∑üèª‚Äç‚ôÄÔ∏è",2,False,Dulcie loves u,use at your own risk,postmates,512393983,"{'id': 32923440, 'body': ""Hi, we're extremely sorry to hear about your concern regarding your recent experience. This is certainly something we'd want to deep dive into. For us to be able to resolve your recent interaction with us, fill in your details here: https://bit.ly/343HNsE. We shall get back to you at the earliest."", 'modified': '2022-11-02T07:09:00Z'}"
2022-10-13 00:39:48,Been using PM for a while now. Fairly easy to use unlike some of their competitors. Good choice of Restuarants‚Äîand they have always come through 100%. Recommend.,5,False,Kevin Loves Freedom,Liking this,postmates,512393983,
2022-11-27 05:19:42,I ordered my food at 7:00 at night it‚Äôs said 40-50 minute wait. Then it said my order would be ready by 8:20 and I‚Äôm okay with that. For the next 2 hours while I'm sitting there starving it kept going up and up until it reached 10:00. Then the order just cancels and I waisted three hours for nothing. All they give is a crummy refund. This has happened many times before. I‚Äôm deleting the app.,1,False,David Ghkm,Cancel,postmates,512393983,
2022-11-04 02:10:48,"This app used to be good but it just is consistently late over and over again with how the Postmates team allows order stacking with drivers. You basically wait on other people‚Äôs orders now.

You can order and have food arrive an hour late as is my current experience right now as I write this app. 

Uninstalling after tonight. Will take my business elsewhere.",1,False,BigDeBandit!,Consistently late - Do not use,postmates,512393983,
2022-10-23 02:13:02,Despite my frequent use the Uber GPS still directs them wrongly.  I pretty much have to tell every driver not to go into the next-door seminary. Other than that I found the Postmates is pretty reliable. Much more reliable than DoorDash.,4,False,Observer At Small,Used for over a year,postmates,512393983,
2022-10-08 03:05:00,If you hate having your deliveries given to the wrong address. This company is the most efficient and I would say has the fewest mistakes or missed dinners.,5,False,#587543,Fastest and most efficient delivery service,postmates,512393983,
2022-11-15 03:38:34,"We ordered from two different accounts (at the same time) the exact same order to be delivered to two nearby addresses (next door to each other).  Ran this experiment 5 times.  ‚ÄúPriority delivery‚Äù order arrived later 3 times and at the same time as the normal order 2 times‚Ä¶ 
P.S. always add 30 minutes to the estimated delivery time, and sometimes add an hour‚Ä¶. They are ALWAYS very, very, very late.",1,False,very_frequent_rider,Priority delivery fee is a scam,postmates,512393983,
2022-10-22 23:27:06,"I did not receive my order even though the app said I did. And when I tried to contact the driver serval times I was unable to. When I reported that I had a problem I was told by a representative that I should try to contact the driver even though I already tried that. I was not given any compensation or anything, I still lost my money and got no food. This app is Garbage.",1,False,TKVF3,The driver contact is horrible,postmates,512393983,
2022-10-01 05:40:44,"I ordered food for my sick 2 year old daughter and they took my money but didn‚Äôt send out food and when I called them about it they said I didn‚Äôt have an order on file. I talked to 5 different people and 3 of the 5 told me totally different things. Now im stuck with no money and a sick, hungry baby. This app is by far the worst food delivery app EVER. Do not order from them. I could literally cry right now.",1,False,Kaylawaylaüíï,The worst app ever.,postmates,512393983,
2022-12-03 16:49:51,i only don‚Äôt like 1 thing about postmates is that they give the drivers so many other deliveries before mine. I had to wait 1 hr 30 mins before receiving my order just because the delivery driver had like 5 other orders. Like how does that leave your food fresh when y‚Äôall are giving the drivers many many other orders.,2,False,ksirjeiqiao,delivery‚Äôs,postmates,512393983,
2022-10-14 01:47:44,"the past few times I‚Äôve ordered food they always arrive at the destination but then cancel the order and they take the food, and then when I try to message the delivery driver back they close out the message. I order my food at work and I tell them what kind of vehicle I drive, but they either put it on the wrong vehicle or cancel the order, bad service, bad drivers.",1,False,babyblazes710,bad delivery drivers in AZ,postmates,512393983,
2022-11-11 02:23:10,"But worth it.  It‚Äôs been easier to order from Postmates, and we personally like Uber.  The competition may be cheaper, but Postmates makes it happen with ease.  Rock on with your bad selves, Postmates!",5,False,Dario Burby,A Little Expensive,postmates,512393983,
2022-10-07 17:52:12,"I think there could be more strict rules that need to be followed to ensure the correct order is being sent out, the food modification options are being followed and communication about such is happening so people can choose to cancel if they don‚Äôt fulfill the order",3,False,Good business practices,Review,postmates,512393983,
2022-10-17 18:17:12,I went to use it and it says I need to update to use so I hit update and it comes back I need a 14.8 or higher version of iOS. I have an iPhone 8 if it won‚Äôt work on version 14.2 I think Postmates has a big problem. My phone doesn‚Äôt have the bells and whistles to need a 14.8 version so I guess you don‚Äôt want to do business with me. Fix it to handle 14.2 again and I can use it.,1,False,Qi mark,Update not going to happen,postmates,512393983,
2022-10-09 20:06:38,"I ordered from a local franchise and a half hour my order was canceled . I don‚Äôt know why. I placed the same order at a different location of the franchise, and close to a half hour later it was canceled too! I just placed the same order at a different location, same franchise. Waiting to see if it works.",2,False,Julieitaly1,Two canceled orders,postmates,512393983,
2022-09-17 22:17:50,"Seth is great, and works very reliably now. But it is annoying how much they always make you rate the restaurant or you‚Äôve ordered from multiple times. And they also sent so many pop-ups that are not relevant to a purchase. It‚Äôs very annoying",3,False,tech4allofus,Great app except time thing,postmates,512393983,
2022-09-16 00:15:12,"I‚Äôm SHOCKED people still use postmates. The ‚Äúother fees‚Äù total at least $10 per order. You can just use a different app and not have to pay those.

You also wait crazy long times for the delivery person to even be assigned so by the time your food arrives it‚Äôs cold and gross.

Their customer service is HORRIBLE. They refuse to fix issues that is their fault (like assigning a delivery person and thus the food being spoiled by the time it arrives).

If you try to cancel an order that‚Äôs over an hour late, they still charge you $20 for the order!! 

Postmates is trash. Stop paying all these crazy fees to keep them afloat so they can steal your money.",1,False,Squishy630,Horrible,postmates,512393983,
2022-12-17 13:39:52,"The first delivery the driver did not knock on the door and we had no idea our order had arrived. Cold coffee.
The second order time or order was cancelled because the store was apparently out of something included in our order.",3,False,Lisa C Hall,Deliveries while staying in Nashville,postmates,512393983,"{'id': 33800952, 'body': ""Hi, we're extremely sorry to hear about your concern regarding your recent experience. This is certainly something we'd want to deep dive into. For us to be able to resolve your recent interaction with us, fill in your details here: https://bit.ly/343HNsE. We shall get back to you at the earliestHi, we're extremely sorry to hear about your concern regarding your recent experience. This is certainly something we'd want to deep dive into. For us to be able to resolve your recent interaction with us, fill in your details here: https://bit.ly/343HNsE. We shall get back to you at the earliest"", 'modified': '2022-12-19T09:22:29Z'}"
2022-09-24 03:09:00,Tried to Order pizza. The app became stuck on send for over 30 minutes. We had no choice but to cancel. We then called support and we‚Äôre RUDELY hung up on. Wouldn‚Äôt even offer to give us food or credit for the money we paid. We want our money refunded. It‚Äôs not our fault your app malfunctioned. We will be reporting you to the better business bureau.,1,False,v & s 519,App malfunctioned and ROBBED of over 70 dollars,postmates,512393983,
2022-11-23 22:14:37,"I‚Äôve ordered a few times and each time the driver either took the food, took something from my order, or left it at an entirely different house.  When I try to contact customer support, it goes through a 3rd party that just hangs up on you. Absolutely unacceptable and highly unprofessional people work for this app. USE AT YOUR OWN RISK!",1,False,Zaon of Chaos,Absolutely Terrible every time,postmates,512393983,
2022-10-23 00:54:30,Love how many more options you can choose from than other restaurant take out/food apps.,5,False,Maui Cooler,Options,postmates,512393983,
2022-11-17 01:10:31,If it wasn‚Äôt for Postmates deals I would be so lost they have delivery specials that no man can‚Äôt turn down 25$ off types of specials and even better ones,5,False,smg mikey,I love it,postmates,512393983,
2022-09-29 01:15:35,"I barely use postmates because I always have complications. I decided to use it today because I had a coupon but it said my food was delivered, but I never got it. I live at a university and wrote specific instructions to hand it to me. Either the driver gave it to someone else and didn‚Äôt confirm, or kept it for himself. Such an unorganized app with horrible deliverers.",1,False,dontusepostmatesssssss,delivered but not received,postmates,512393983,
2022-09-22 19:48:01,They don‚Äôt care what you tell them as far as instructions and the customer service also doesn‚Äôt care. Have had multiple meals ruined because everyone associated with this app just seem to have a DMV level of apathy and disdain for their customers. Just a trash app. Do yourself a favor and use DoorDash.,1,False,Popopipo123754,The food delivery person will screw up your instructions guaranteed,postmates,512393983,
2022-10-31 22:30:15,"Better options for order on Postmates compared to Uber eats.

Wished I could change bread type for Hawkins Burgers :/",5,False,chazzy19,Better options,postmates,512393983,
2022-12-06 18:49:00,"I think it‚Äôs stupid you can only use Apple Pay, Venmo, or PayPal to pay for your order. What happened to just putting your debit in. No one used Venmo, rarely does anyone use Apple Pay. I never used this app and I never plan on it now. Ig I‚Äôll go to grub hub or another competitor who allows ppl to use their debit card. I mean that‚Äôs what‚Äôs it for isn‚Äôt it? Very disappointed",1,False,663478953,Bad payment options,postmates,512393983,
2022-11-14 03:26:03,I don‚Äôt know if it‚Äôs the drivers in my area where the restaurants but I always seem to have an issue with my orders that I recently ordered two times in one day the first time my order was missing part of it and later on my driver never brought my order and they got canceled I will still charge for it I am upset,1,False,Daddy474,Terrible customer service,postmates,512393983,
2022-09-29 03:51:01,"Ordered from red lobster and didn‚Äôt receive a third of what we ordered. I messaged Postmates and was told they can‚Äôt refund any part of the order to please leave a review. Basically beware, you may get what you ordered or you may not, but you‚Äôll be paying for it either way. I‚Äôve never had that problem with DoorDash.",1,False,hosmasher,"Did NOT deliver full order, charged full price",postmates,512393983,
2022-10-29 09:44:59,Pricing always competitive and customer service always on point,5,False,7 Billy,On point,postmates,512393983,
2022-10-17 00:30:51,I don‚Äôt know why everyone‚Äôs complaining in their reviews. I‚Äôve never had a bad experience with postmates and I use it literally everyday.,5,False,brachypelmaboehmi96,Awesome,postmates,512393983,
2022-10-08 04:42:41,Could not think of a sadder excuse for a food delivery app. The customer service doesnt answer texts and barely answered the phone calls. They overcharged for several items multiple times and refused to fix the issue. This company clearly only cares about money and not its customers so its a horrible one and deserves to be put out of business.,1,False,Naruto Nine Tails,Worst Experiences Ever,postmates,512393983,
2022-11-05 23:07:28,Every discount offer I look at has a minimum dollar amount that is for several people. A single person wouldn‚Äôt be ordering enough food to meet the minimum. What gives?,3,False,cmmx,Discounts only for groups,postmates,512393983,
2022-10-23 00:28:52,"Always reliable, will reimburse you if they mess up, and they usually have some kind of deals.",5,False,K-Ramirez...,Solid,postmates,512393983,
2022-10-02 01:25:21,Starbucks was out of the drink I ordered.  No one told me until the order was being picked up so I had no chance to ask for a replacement or cancel my order.  Now I am being charged for a Strawberry Acai Refresher that I never received and I can‚Äôt get a hold of anyone at Postmates to refund me for the missing item.,1,False,at home deposit,Item out of stock and I can‚Äôt get a refund?,postmates,512393983,
2022-12-06 14:33:35,"Although the restaurants in the area have troubles from time to time, the PostMates Customer Service is puntual and quick to help.",5,False,Zacakinamon,On Top of It,postmates,512393983,
2022-12-03 01:51:26,"Service is complete trash, worse daily.  I have to get refunded majority of my orders and just go without or get in my car and go pick up after wasting time with completely false delivery windows or drivers who completely ignore addresses.  No convenience with any of it, so the app and service are worthless.",1,False,Broke dont download,Next bubble to burst,postmates,512393983,
2022-10-09 03:31:39,I ordered Jack in the box and had a delivery driver named Meredith. She did not deliver my food and marked it as delivered so I contacted customer service and they did not give me a refund. They just apologized and she left with my money and my food and they did not do anything to help me. Never using postmates again. Doordash is cheaper when ordering Jack in the box anyways.,1,False,Mariamboo3862,Doordash is better,postmates,512393983,
2022-10-08 07:58:21,"So many messed up menus, either they should hire someone who knows how to make it correctly or Uber should help and regulate. I know it isn‚Äôt technically their fault but it‚Äôs their platform.",4,False,userNo99,Merchants: Try Harder,postmates,512393983,
